Date,Strategy,Old_Weight,New_Weight,Rebalance_Size,Transaction_Cost
2015-01-01,Buy And Hold,0.0,1.0,1.0,0.0015
2015-01-01,Vol Targeting,0.0,1.0,1.0,0.0015
2015-01-02,Vol Targeting,1.0,0.9999999999999933,6.661338147750939e-15,9.992007221626408e-18
2015-01-22,Vol Targeting,0.9999999999999933,0.9758639498078088,0.024136050192184566,3.620407528827685e-05
2015-01-23,Vol Targeting,0.9758639498078088,0.9696156105500192,0.006248339257789559,9.372508886684339e-06
2015-01-24,Ema Crossover,0.0,1.0,1.0,0.0015
2015-01-24,Vol Targeting,0.9696156105500192,0.9777711742519288,0.008155563701909618,1.2233345552864427e-05
2015-01-25,Vol Targeting,0.9777711742519288,0.9705309610920987,0.0072402131598301445,1.0860319739745217e-05
2015-01-26,Vol Targeting,0.9705309610920987,0.965341461831507,0.005189499260591646,7.784248890887469e-06
2015-01-27,Vol Targeting,0.965341461831507,0.9439515023463232,0.02138995948518385,3.208493922777578e-05
2015-01-28,Vol Targeting,0.9439515023463232,0.8914643534457967,0.052487148900526526,7.873072335078979e-05
2015-01-29,Vol Targeting,0.8914643534457967,0.8642737848767387,0.027190568569057993,4.078585285358699e-05
2015-01-30,Vol Targeting,0.8642737848767387,0.862998728221649,0.0012750566550896458,1.912584982634469e-06
2015-01-31,Vol Targeting,0.862998728221649,0.8336847866245097,0.029313941597139292,4.397091239570894e-05
2015-02-01,Vol Targeting,0.8336847866245097,0.864610730982592,0.03092594435808227,4.63889165371234e-05
2015-02-02,Vol Targeting,0.864610730982592,0.8316134297087644,0.032997301273827606,4.949595191074141e-05
2015-02-03,Vol Targeting,0.8316134297087644,0.8319440464551787,0.00033061674641432504,4.959251196214876e-07
2015-02-04,Vol Targeting,0.8319440464551787,0.8420872890343857,0.010143242579206957,1.5214863868810436e-05
2015-02-05,Vol Targeting,0.8420872890343857,0.9118857135758435,0.0697984245414578,0.00010469763681218669
2015-02-06,Vol Targeting,0.9118857135758435,0.8541012229252476,0.05778449065059588,8.667673597589382e-05
2015-02-07,Vol Targeting,0.8541012229252476,0.8527280393898571,0.0013731835353905097,2.0597753030857647e-06
2015-02-08,Vol Targeting,0.8527280393898571,0.881875685646199,0.02914764625634192,4.3721469384512876e-05
2015-02-09,Vol Targeting,0.881875685646199,0.8632427114237878,0.01863297422241117,2.7949461333616754e-05
2015-02-10,Vol Targeting,0.8632427114237878,0.7605049380410995,0.1027377733826883,0.00015410666007403245
2015-02-11,Vol Targeting,0.7605049380410995,0.8161327980844784,0.05562786004337883,8.344179006506825e-05
2015-02-12,Vol Targeting,0.8161327980844784,0.7890907196783328,0.027042078406145587,4.056311760921838e-05
2015-02-13,Vol Targeting,0.7890907196783328,0.7535857327378026,0.03550498694053017,5.325748041079525e-05
2015-02-14,Vol Targeting,0.7535857327378026,0.7524712165065791,0.0011145162312234946,1.671774346835242e-06
2015-02-15,Vol Targeting,0.7524712165065791,0.7580223231064797,0.005551106599900546,8.326659899850819e-06
2015-02-16,Vol Targeting,0.7580223231064797,0.7548339145342727,0.0031884085722069244,4.782612858310386e-06
2015-02-17,Vol Targeting,0.7548339145342727,0.7642041699050898,0.009370255370817038,1.4055383056225557e-05
2015-02-18,Vol Targeting,0.7642041699050898,0.8223860802848091,0.058181910379719315,8.727286556957897e-05
2015-02-19,Vol Targeting,0.8223860802848091,0.8595188863148061,0.03713280602999702,5.569920904499554e-05
2015-02-20,Vol Targeting,0.8595188863148061,0.8235848144057156,0.03593407190909048,5.3901107863635725e-05
2015-02-21,Vol Targeting,0.8235848144057156,0.8371807585715162,0.013595944165800566,2.039391624870085e-05
2015-02-22,Vol Targeting,0.8371807585715162,0.838843673274689,0.001662914703172813,2.4943720547592196e-06
2015-02-23,Vol Targeting,0.838843673274689,0.8751691255912808,0.03632545231659179,5.4488178474887685e-05
2015-02-24,Vol Targeting,0.8751691255912808,0.8717001462066759,0.0034689793846048866,5.20346907690733e-06
2015-02-25,Vol Targeting,0.8717001462066759,0.8717388819172208,3.873571054491265e-05,5.810356581736897e-08
2015-02-26,Vol Targeting,0.8717388819172208,0.8676563838857281,0.004082498031492743,6.1237470472391144e-06
2015-02-27,Vol Targeting,0.8676563838857281,0.890334576928021,0.022678193042292905,3.401728956343936e-05
2015-02-28,Vol Targeting,0.890334576928021,0.8866928070101711,0.003641769917849924,5.4626548767748865e-06
2015-03-01,Vol Targeting,0.8866928070101711,0.8470224356324036,0.03967037137776741,5.9505557066651116e-05
2015-03-02,Vol Targeting,0.8470224356324036,0.8703616803911363,0.023339244758732614,3.500886713809892e-05
2015-03-03,Vol Targeting,0.8703616803911363,1.0,0.12963831960886374,0.00019445747941329561
2015-03-05,Vol Targeting,1.0,0.9810838475645676,0.018916152435432432,2.8374228653148647e-05
2015-03-06,Vol Targeting,0.9810838475645676,1.0,0.018916152435432432,2.8374228653148647e-05
2015-03-11,Vol Targeting,1.0,0.9952664507792517,0.004733549220748312,7.1003238311224684e-06
2015-03-12,Vol Targeting,0.9952664507792517,1.0,0.004733549220748312,7.1003238311224684e-06
2015-03-15,Vol Targeting,1.0,0.9996240190204224,0.0003759809795775837,5.639714693663756e-07
2015-03-16,Vol Targeting,0.9996240190204224,0.9756989867377313,0.02392503228269116,3.5887548424036744e-05
2015-03-17,Ema Crossover,1.0,0.0,1.0,0.0015
2015-03-17,Vol Targeting,0.9756989867377313,0.976315872605283,0.0006168858675517086,9.253288013275629e-07
2015-03-18,Vol Targeting,0.976315872605283,0.9762694617211264,4.6410884156578014e-05,6.961632623486703e-08
2015-03-19,Vol Targeting,0.9762694617211264,0.9332664575961084,0.04300300412501801,6.450450618752701e-05
2015-03-20,Vol Targeting,0.9332664575961084,0.9191999352087906,0.01406652238731776,2.109978358097664e-05
2015-03-21,Vol Targeting,0.9191999352087906,0.9208656894078835,0.0016657541990928726,2.498631298639309e-06
2015-03-22,Vol Targeting,0.9208656894078835,0.9887706979488706,0.06790500854098713,0.0001018575128114807
2015-03-23,Vol Targeting,0.9887706979488706,0.981859584527254,0.006911113421616655,1.0366670132424982e-05
2015-03-24,Vol Targeting,0.981859584527254,0.9339294936213414,0.0479300909059126,7.18951363588689e-05
2015-03-25,Vol Targeting,0.9339294936213414,0.9262652245772257,0.007664269044115657,1.1496403566173485e-05
2015-03-26,Vol Targeting,0.9262652245772257,1.0,0.07373477542277429,0.00011060216313416144
2015-04-03,Vol Targeting,1.0,0.9460804140771031,0.05391958592289692,8.087937888434538e-05
2015-04-04,Vol Targeting,0.9460804140771031,0.954363797618602,0.008283383541498934,1.2425075312248402e-05
2015-04-05,Vol Targeting,0.954363797618602,0.9300455517495348,0.024318245869067168,3.6477368803600753e-05
2015-04-06,Vol Targeting,0.9300455517495348,0.8650870674419545,0.06495848430758033,9.74377264613705e-05
2015-04-07,Vol Targeting,0.8650870674419545,0.8677210403181875,0.002633972876233015,3.950959314349523e-06
2015-04-08,Vol Targeting,0.8677210403181875,0.8529662693859483,0.014754770932239203,2.2132156398358803e-05
2015-04-09,Vol Targeting,0.8529662693859483,0.7998702070959841,0.05309606228996422,7.964409343494633e-05
2015-04-10,Vol Targeting,0.7998702070959841,0.8263648776707812,0.02649467057479704,3.974200586219556e-05
2015-04-11,Vol Targeting,0.8263648776707812,0.8264746794441499,0.00010980177336872288,1.6470266005308432e-07
2015-04-12,Vol Targeting,0.8264746794441499,0.8326443372726545,0.006169657828504649,9.254486742756973e-06
2015-04-13,Vol Targeting,0.8326443372726545,0.7993107409177355,0.03333359635491906,5.000039453237859e-05
2015-04-14,Vol Targeting,0.7993107409177355,0.8213417375118505,0.022030996594115004,3.3046494891172505e-05
2015-04-15,Vol Targeting,0.8213417375118505,0.826150108957994,0.0048083714461435445,7.212557169215317e-06
2015-04-16,Vol Targeting,0.826150108957994,0.8260755161613792,7.45927966148141e-05,1.1188919492222116e-07
2015-04-17,Vol Targeting,0.8260755161613792,0.8256311303475394,0.00044438581383976494,6.665787207596474e-07
2015-04-18,Vol Targeting,0.8256311303475394,0.8386326372023036,0.0130015068547642,1.95022602821463e-05
2015-04-19,Vol Targeting,0.8386326372023036,0.7873849911807793,0.05124764602152432,7.687146903228648e-05
2015-04-20,Vol Targeting,0.7873849911807793,0.7835502046873475,0.00383478649343183,5.752179740147745e-06
2015-04-21,Vol Targeting,0.7835502046873475,0.7889259087967662,0.0053757041094186775,8.063556164128017e-06
2015-04-22,Vol Targeting,0.7889259087967662,0.7898533601779838,0.0009274513812176366,1.391177071826455e-06
2015-04-23,Vol Targeting,0.7898533601779838,0.7752920771211063,0.014561283056877539,2.1841924585316308e-05
2015-04-24,Vol Targeting,0.7752920771211063,0.8816794503154227,0.10638737319431646,0.0001595810597914747
2015-04-25,Vol Targeting,0.8816794503154227,0.8863508837144338,0.0046714333990111045,7.007150098516657e-06
2015-04-26,Vol Targeting,0.8863508837144338,0.906249140567234,0.019898256852800222,2.9847385279200336e-05
2015-04-27,Vol Targeting,0.906249140567234,0.8254046063432545,0.08084453422397953,0.00012126680133596929
2015-04-28,Vol Targeting,0.8254046063432545,0.8482376101442427,0.022833003800988183,3.424950570148227e-05
2015-04-29,Vol Targeting,0.8482376101442427,0.8371528809514597,0.011084729192783027,1.6627093789174542e-05
2015-04-30,Vol Targeting,0.8371528809514597,0.9041913013252421,0.06703842037378238,0.00010055763056067357
2015-05-01,Vol Targeting,0.9041913013252421,0.8802612615405405,0.02393003978470154,3.589505967705231e-05
2015-05-02,Vol Targeting,0.8802612615405405,0.8935762566834822,0.013314995142941655,1.997249271441248e-05
2015-05-03,Vol Targeting,0.8935762566834822,0.8516532503446215,0.0419230063388607,6.288450950829106e-05
2015-05-04,Vol Targeting,0.8516532503446215,0.8695371098437926,0.01788385949917115,2.6825789248756727e-05
2015-05-05,Vol Targeting,0.8695371098437926,0.8689718683483537,0.0005652414954389062,8.478622431583594e-07
2015-05-06,Vol Targeting,0.8689718683483537,0.8288980712371522,0.040073797111201515,6.011069566680227e-05
2015-05-07,Vol Targeting,0.8288980712371522,0.8240120931485966,0.00488597808855562,7.328967132833431e-06
2015-05-08,Vol Targeting,0.8240120931485966,0.8394883363795695,0.015476243230972964,2.3214364846459446e-05
2015-05-09,Vol Targeting,0.8394883363795695,0.8240662248733933,0.015422111506176228,2.3133167259264344e-05
2015-05-10,Vol Targeting,0.8240662248733933,0.8532113395039684,0.02914511463057512,4.371767194586268e-05
2015-05-11,Vol Targeting,0.8532113395039684,0.8471372871056975,0.006074052398270968,9.111078597406452e-06
2015-05-12,Vol Targeting,0.8471372871056975,0.8514016549123699,0.004264367806672387,6.39655171000858e-06
2015-05-13,Vol Targeting,0.8514016549123699,0.8354138167226843,0.01598783818968552,2.3981757284528284e-05
2015-05-14,Vol Targeting,0.8354138167226843,0.8809608141873269,0.045546997464642525,6.832049619696379e-05
2015-05-15,Vol Targeting,0.8809608141873269,0.8774217516231602,0.003539062564166695,5.308593846250043e-06
2015-05-16,Vol Targeting,0.8774217516231602,0.8723443226154001,0.0050774290077600925,7.616143511640139e-06
2015-05-17,Vol Targeting,0.8723443226154001,0.8673981793497928,0.004946143265607272,7.419214898410909e-06
2015-05-18,Vol Targeting,0.8673981793497928,1.0,0.1326018206502072,0.0001989027309753108
2015-05-20,Vol Targeting,1.0,0.9721522657669915,0.02784773423300846,4.177160134951269e-05
2015-05-21,Vol Targeting,0.9721522657669915,0.9414105951145603,0.030741670652431274,4.6112505978646915e-05
2015-05-22,Vol Targeting,0.9414105951145603,0.9629993814496758,0.021588786335115517,3.2383179502673276e-05
2015-05-23,Vol Targeting,0.9629993814496758,0.9280051484161045,0.0349942330335713,5.249134955035695e-05
2015-05-24,Vol Targeting,0.9280051484161045,0.9966852871272024,0.0686801387110979,0.00010302020806664686
2015-05-25,Vol Targeting,0.9966852871272024,1.0,0.0033147128727976094,4.972069309196414e-06
2015-05-26,Ema Crossover,0.0,1.0,1.0,0.0015
2015-05-26,Vol Targeting,1.0,0.9829993202325953,0.017000679767404714,2.550101965110707e-05
2015-05-27,Vol Targeting,0.9829993202325953,1.0,0.017000679767404714,2.550101965110707e-05
2015-05-31,Vol Targeting,1.0,0.9303212262901797,0.06967877370982034,0.00010451816056473052
2015-06-01,Vol Targeting,0.9303212262901797,0.9355396881792344,0.005218461889054726,7.827692833582089e-06
2015-06-02,Vol Targeting,0.9355396881792344,0.9364119550414755,0.0008722668622410668,1.3084002933616002e-06
2015-06-03,Vol Targeting,0.9364119550414755,0.9682438623832755,0.03183190734180008,4.7747861012700125e-05
2015-06-04,Vol Targeting,0.9682438623832755,0.9808371810751316,0.012593318691856092,1.8889978037784138e-05
2015-06-05,Vol Targeting,0.9808371810751316,0.9940845662561556,0.013247385181023974,1.9871077771535963e-05
2015-06-06,Vol Targeting,0.9940845662561556,0.9954486056512923,0.0013640393951367402,2.0460590927051105e-06
2015-06-07,Vol Targeting,0.9954486056512923,1.0,0.00455139434870766,6.8270915230614905e-06
2015-06-09,Vol Targeting,1.0,0.9809038084791537,0.019096191520846295,2.8644287281269444e-05
2015-06-10,Vol Targeting,0.9809038084791537,1.0,0.019096191520846295,2.8644287281269444e-05
2015-06-13,Vol Targeting,1.0,0.9407411733150443,0.059258826684955745,8.888824002743362e-05
2015-06-14,Vol Targeting,0.9407411733150443,0.9261320179856201,0.014609155329424195,2.1913732994136293e-05
2015-06-15,Vol Targeting,0.9261320179856201,0.9042568367586292,0.021875181226990836,3.2812771840486256e-05
2015-06-16,Vol Targeting,0.9042568367586292,0.943648166939879,0.03939133018124974,5.908699527187461e-05
2015-06-17,Vol Targeting,0.943648166939879,0.9062110304713493,0.03743713646852964,5.6155704702794464e-05
2015-06-18,Vol Targeting,0.9062110304713493,0.8982271781500277,0.007983852321321594,1.197577848198239e-05
2015-06-19,Vol Targeting,0.8982271781500277,0.9021331015718387,0.003905923421810953,5.8588851327164296e-06
2015-06-20,Vol Targeting,0.9021331015718387,0.9192430187081478,0.01710991713630916,2.566487570446374e-05
2015-06-21,Vol Targeting,0.9192430187081478,1.0,0.08075698129185216,0.00012113547193777824
2015-06-25,Vol Targeting,1.0,0.9798250363470797,0.020174963652920264,3.0262445479380397e-05
2015-06-26,Vol Targeting,0.9798250363470797,0.9790227645501991,0.0008022717968806381,1.2034076953209571e-06
2015-06-27,Vol Targeting,0.9790227645501991,0.9480165038832448,0.031006260666954333,4.65093910004315e-05
2015-06-28,Vol Targeting,0.9480165038832448,0.9044087131074681,0.0436077907757767,6.541168616366505e-05
2015-06-29,Vol Targeting,0.9044087131074681,0.9181224955346032,0.013713782427135168,2.0570673640702754e-05
2015-06-30,Vol Targeting,0.9181224955346032,0.9405846692342386,0.022462173699635324,3.369326054945299e-05
2015-07-01,Vol Targeting,0.9405846692342386,0.9627974124470634,0.022212743212824848,3.331911481923727e-05
2015-07-02,Vol Targeting,0.9627974124470634,1.0,0.037202587552936595,5.580388132940489e-05
2015-07-03,Vol Targeting,1.0,0.978103269838043,0.021896730161957034,3.284509524293555e-05
2015-07-04,Vol Targeting,0.978103269838043,1.0,0.021896730161957034,3.284509524293555e-05
2015-08-02,Vol Targeting,1.0,0.9291377975855056,0.07086220241449437,0.00010629330362174155
2015-08-03,Vol Targeting,0.9291377975855056,0.9298751168037709,0.0007373192182652533,1.10597882739788e-06
2015-08-04,Vol Targeting,0.9298751168037709,0.974171220390877,0.04429610358710612,6.644415538065917e-05
2015-08-05,Vol Targeting,0.974171220390877,0.9720710215806928,0.002100198810184195,3.1502982152762925e-06
2015-08-06,Vol Targeting,0.9720710215806928,1.0,0.027928978419307193,4.189346762896079e-05
2015-09-03,Vol Targeting,1.0,0.9890767659279822,0.010923234072017785,1.6384851108026678e-05
2015-09-04,Vol Targeting,0.9890767659279822,1.0,0.010923234072017785,1.6384851108026678e-05
2015-09-09,Vol Targeting,1.0,0.9132015311988047,0.08679846880119535,0.00013019770320179302
2015-09-10,Vol Targeting,0.9132015311988047,0.9037237505014032,0.009477780697401461,1.4216671046102192e-05
2015-09-11,Vol Targeting,0.9037237505014032,0.897581270452441,0.006142480048962229,9.213720073443343e-06
2015-09-11,Regime Aware,0.0,1.0,1.0,0.0015
2015-09-11,Hybrid,0.0,1.0,1.0,0.0015
2015-09-12,Vol Targeting,0.897581270452441,0.8401219032031426,0.05745936724929834,8.618905087394752e-05
2015-09-12,Regime Aware,1.0,0.75,0.25,0.000375
2015-09-12,Hybrid,1.0,0.75,0.25,0.000375
2015-09-13,Vol Targeting,0.8401219032031426,0.8351056079173956,0.005016295285746986,7.524442928620479e-06
2015-09-13,Regime Aware,0.75,1.0,0.25,0.000375
2015-09-13,Hybrid,0.75,1.0,0.25,0.000375
2015-09-14,Vol Targeting,0.8351056079173956,0.8146120629903156,0.02049354492708,3.074031739062e-05
2015-09-14,Regime Aware,1.0,0.75,0.25,0.000375
2015-09-14,Hybrid,1.0,0.75,0.25,0.000375
2015-09-15,Vol Targeting,0.8146120629903156,0.8568901970389887,0.04227813404867309,6.341720107300963e-05
2015-09-15,Regime Aware,0.75,0.25,0.5,0.00075
2015-09-15,Hybrid,0.75,0.25,0.5,0.00075
2015-09-16,Vol Targeting,0.8568901970389887,0.86638870209445,0.009498505055461237,1.4247757583191856e-05
2015-09-17,Vol Targeting,0.86638870209445,0.8587882840939637,0.007600418000486275,1.1400627000729413e-05
2015-09-18,Vol Targeting,0.8587882840939637,0.8477936620312712,0.010994622062692527,1.649193309403879e-05
2015-09-19,Vol Targeting,0.8477936620312712,0.8511951053566883,0.0034014433254171417,5.102164988125713e-06
2015-09-20,Vol Targeting,0.8511951053566883,0.8503910152099178,0.0008040901467705197,1.2061352201557796e-06
2015-09-20,Regime Aware,0.25,1.0,0.75,0.0011250000000000001
2015-09-20,Hybrid,0.25,1.0,0.75,0.0011250000000000001
2015-09-21,Vol Targeting,0.8503910152099178,0.8534692388577756,0.003078223647857814,4.617335471786721e-06
2015-09-21,Regime Aware,1.0,0.75,0.25,0.000375
2015-09-21,Hybrid,1.0,0.75,0.25,0.000375
2015-09-22,Vol Targeting,0.8534692388577756,0.7982548552094391,0.05521438364833653,8.28215754725048e-05
2015-09-22,Regime Aware,0.75,1.0,0.25,0.000375
2015-09-22,Hybrid,0.75,1.0,0.25,0.000375
2015-09-23,Vol Targeting,0.7982548552094391,0.8083892054080228,0.010134350198583775,1.5201525297875662e-05
2015-09-23,Regime Aware,1.0,0.75,0.25,0.000375
2015-09-23,Hybrid,1.0,0.75,0.25,0.000375
2015-09-24,Vol Targeting,0.8083892054080228,0.8110489958978007,0.0026597904897778246,3.989685734666737e-06
2015-09-24,Regime Aware,0.75,1.0,0.25,0.000375
2015-09-24,Hybrid,0.75,1.0,0.25,0.000375
2015-09-25,Vol Targeting,0.8110489958978007,0.7598575945455018,0.051191401352298826,7.678710202844824e-05
2015-09-25,Regime Aware,1.0,0.75,0.25,0.000375
2015-09-25,Hybrid,1.0,0.75,0.25,0.000375
2015-09-26,Vol Targeting,0.7598575945455018,0.7642681641818824,0.004410569636380535,6.615854454570802e-06
2015-09-26,Regime Aware,0.75,1.0,0.25,0.000375
2015-09-26,Hybrid,0.75,1.0,0.25,0.000375
2015-09-27,Vol Targeting,0.7642681641818824,0.7652478634452226,0.0009796992633401835,1.4695488950102752e-06
2015-09-27,Regime Aware,1.0,0.75,0.25,0.000375
2015-09-27,Hybrid,1.0,0.75,0.25,0.000375
2015-09-28,Vol Targeting,0.7652478634452226,0.763778339064031,0.0014695243811915226,2.204286571787284e-06
2015-09-28,Regime Aware,0.75,1.0,0.25,0.000375
2015-09-28,Hybrid,0.75,1.0,0.25,0.000375
2015-09-29,Vol Targeting,0.763778339064031,0.771742660332367,0.007964321268336017,1.1946481902504025e-05
2015-09-29,Regime Aware,1.0,0.75,0.25,0.000375
2015-09-29,Hybrid,1.0,0.75,0.25,0.000375
2015-09-30,Vol Targeting,0.771742660332367,0.878839733766491,0.107097073434124,0.000160645610151186
2015-09-30,Regime Aware,0.75,1.0,0.25,0.000375
2015-09-30,Hybrid,0.75,1.0,0.25,0.000375
2015-10-01,Vol Targeting,0.878839733766491,0.8633343869684688,0.01550534679802229,2.3258020197033434e-05
2015-10-01,Regime Aware,1.0,0.75,0.25,0.000375
2015-10-01,Hybrid,1.0,0.75,0.25,0.000375
2015-10-02,Vol Targeting,0.8633343869684688,0.8812717003343146,0.01793731336584581,2.6905970048768712e-05
2015-10-02,Regime Aware,0.75,1.0,0.25,0.000375
2015-10-02,Hybrid,0.75,1.0,0.25,0.000375
2015-10-03,Vol Targeting,0.8812717003343146,0.9605334953874077,0.07926179505309316,0.00011889269257963976
2015-10-03,Regime Aware,1.0,0.75,0.25,0.000375
2015-10-03,Hybrid,1.0,0.75,0.25,0.000375
2015-10-04,Vol Targeting,0.9605334953874077,0.8972430522455271,0.06329044314188059,9.493566471282089e-05
2015-10-04,Regime Aware,0.75,1.0,0.25,0.000375
2015-10-04,Hybrid,0.75,1.0,0.25,0.000375
2015-10-05,Vol Targeting,0.8972430522455271,0.9057459084686603,0.008502856223133182,1.2754284334699772e-05
2015-10-05,Regime Aware,1.0,0.75,0.25,0.000375
2015-10-05,Hybrid,1.0,0.75,0.25,0.000375
2015-10-06,Vol Targeting,0.9057459084686603,0.907081364525671,0.0013354560570106866,2.0031840855160297e-06
2015-10-06,Regime Aware,0.75,1.0,0.25,0.000375
2015-10-06,Hybrid,0.75,1.0,0.25,0.000375
2015-10-07,Vol Targeting,0.907081364525671,0.9106042527204952,0.0035228881948241586,5.284332292236238e-06
2015-10-07,Regime Aware,1.0,0.75,0.25,0.000375
2015-10-07,Hybrid,1.0,0.75,0.25,0.000375
2015-10-08,Vol Targeting,0.9106042527204952,0.9463797973693747,0.035775544648879554,5.3663316973319334e-05
2015-10-08,Regime Aware,0.75,1.0,0.25,0.000375
2015-10-08,Hybrid,0.75,1.0,0.25,0.000375
2015-10-09,Vol Targeting,0.9463797973693747,0.9413300068425888,0.005049790526785891,7.574685790178837e-06
2015-10-09,Regime Aware,1.0,0.75,0.25,0.000375
2015-10-09,Hybrid,1.0,0.75,0.25,0.000375
2015-10-10,Vol Targeting,0.9413300068425888,1.0,0.05866999315741117,8.800498973611676e-05
2015-10-10,Regime Aware,0.75,1.0,0.25,0.000375
2015-10-10,Hybrid,0.75,1.0,0.25,0.000375
2015-10-11,Vol Targeting,1.0,0.9996836308496513,0.0003163691503487165,4.7455372552307475e-07
2015-10-11,Regime Aware,1.0,0.75,0.25,0.000375
2015-10-11,Hybrid,1.0,0.75,0.25,0.000375
2015-10-12,Vol Targeting,0.9996836308496513,0.9752683345089518,0.0244152963406995,3.662294451104925e-05
2015-10-12,Regime Aware,0.75,1.0,0.25,0.000375
2015-10-12,Hybrid,0.75,1.0,0.25,0.000375
2015-10-13,Vol Targeting,0.9752683345089518,1.0,0.024731665491048216,3.709749823657233e-05
2015-10-13,Regime Aware,1.0,0.75,0.25,0.000375
2015-10-13,Hybrid,1.0,0.75,0.25,0.000375
2015-10-14,Vol Targeting,1.0,0.9829166422018855,0.01708335779811454,2.562503669717181e-05
2015-10-14,Regime Aware,0.75,1.0,0.25,0.000375
2015-10-14,Hybrid,0.75,1.0,0.25,0.000375
2015-10-15,Vol Targeting,0.9829166422018855,0.9940051169116765,0.011088474709791019,1.6632712064686528e-05
2015-10-15,Regime Aware,1.0,0.75,0.25,0.000375
2015-10-15,Hybrid,1.0,0.75,0.25,0.000375
2015-10-16,Vol Targeting,0.9940051169116765,1.0,0.005994883088323522,8.992324632485283e-06
2015-10-16,Regime Aware,0.75,1.0,0.25,0.000375
2015-10-16,Hybrid,0.75,1.0,0.25,0.000375
2015-10-17,Regime Aware,1.0,0.75,0.25,0.000375
2015-10-17,Hybrid,1.0,0.75,0.25,0.000375
2015-10-18,Regime Aware,0.75,1.0,0.25,0.000375
2015-10-18,Hybrid,0.75,1.0,0.25,0.000375
2015-10-19,Regime Aware,1.0,0.75,0.25,0.000375
2015-10-19,Hybrid,1.0,0.75,0.25,0.000375
2015-10-20,Regime Aware,0.75,1.0,0.25,0.000375
2015-10-20,Hybrid,0.75,1.0,0.25,0.000375
2015-10-21,Regime Aware,1.0,0.75,0.25,0.000375
2015-10-21,Hybrid,1.0,0.75,0.25,0.000375
2015-10-22,Regime Aware,0.75,1.0,0.25,0.000375
2015-10-22,Hybrid,0.75,1.0,0.25,0.000375
2015-10-23,Regime Aware,1.0,0.75,0.25,0.000375
2015-10-23,Hybrid,1.0,0.75,0.25,0.000375
2015-10-24,Regime Aware,0.75,1.0,0.25,0.000375
2015-10-24,Hybrid,0.75,1.0,0.25,0.000375
2015-10-25,Regime Aware,1.0,0.75,0.25,0.000375
2015-10-25,Hybrid,1.0,0.75,0.25,0.000375
2015-10-26,Regime Aware,0.75,1.0,0.25,0.000375
2015-10-26,Hybrid,0.75,1.0,0.25,0.000375
2015-10-27,Regime Aware,1.0,0.75,0.25,0.000375
2015-10-27,Hybrid,1.0,0.75,0.25,0.000375
2015-10-28,Regime Aware,0.75,1.0,0.25,0.000375
2015-10-28,Hybrid,0.75,1.0,0.25,0.000375
2015-10-29,Vol Targeting,1.0,0.963441197110788,0.03655880288921198,5.483820433381798e-05
2015-10-29,Regime Aware,1.0,0.75,0.25,0.000375
2015-10-29,Hybrid,1.0,0.75,0.25,0.000375
2015-10-30,Vol Targeting,0.963441197110788,1.0,0.03655880288921198,5.483820433381798e-05
2015-10-30,Regime Aware,0.75,1.0,0.25,0.000375
2015-10-30,Hybrid,0.75,1.0,0.25,0.000375
2015-10-31,Vol Targeting,1.0,0.9978480749542893,0.002151925045710712,3.227887568566068e-06
2015-10-31,Regime Aware,1.0,0.75,0.25,0.000375
2015-10-31,Hybrid,1.0,0.75,0.25,0.000375
2015-11-01,Vol Targeting,0.9978480749542893,0.997145983183242,0.0007020917710472974,1.053137656570946e-06
2015-11-01,Regime Aware,0.75,1.0,0.25,0.000375
2015-11-01,Hybrid,0.75,1.0,0.25,0.000375
2015-11-02,Vol Targeting,0.997145983183242,0.9500964942764826,0.04704948890675942,7.057423336013913e-05
2015-11-02,Regime Aware,1.0,0.75,0.25,0.000375
2015-11-02,Hybrid,1.0,0.75,0.25,0.000375
2015-11-03,Vol Targeting,0.9500964942764826,0.9135637011868872,0.03653279308959534,5.479918963439301e-05
2015-11-03,Regime Aware,0.75,1.0,0.25,0.000375
2015-11-03,Hybrid,0.75,1.0,0.25,0.000375
2015-11-04,Vol Targeting,0.9135637011868872,0.9388725806943014,0.025308879507414117,3.796331926112118e-05
2015-11-04,Regime Aware,1.0,0.75,0.25,0.000375
2015-11-04,Hybrid,1.0,0.75,0.25,0.000375
2015-11-05,Vol Targeting,0.9388725806943014,0.9275376115140683,0.011334969180233023,1.7002453770349537e-05
2015-11-05,Regime Aware,0.75,1.0,0.25,0.000375
2015-11-05,Hybrid,0.75,1.0,0.25,0.000375
2015-11-06,Vol Targeting,0.9275376115140683,0.8938407217165971,0.03369688979747121,5.054533469620681e-05
2015-11-06,Regime Aware,1.0,0.75,0.25,0.000375
2015-11-06,Hybrid,1.0,0.75,0.25,0.000375
2015-11-07,Vol Targeting,0.8938407217165971,0.8755743385753918,0.018266383141205322,2.7399574711807983e-05
2015-11-07,Regime Aware,0.75,1.0,0.25,0.000375
2015-11-07,Hybrid,0.75,1.0,0.25,0.000375
2015-11-08,Vol Targeting,0.8755743385753918,0.9254164297623326,0.04984209118694083,7.476313678041125e-05
2015-11-08,Regime Aware,1.0,0.75,0.25,0.000375
2015-11-08,Hybrid,1.0,0.75,0.25,0.000375
2015-11-09,Vol Targeting,0.9254164297623326,0.9875212671165596,0.062104837354227005,9.315725603134051e-05
2015-11-09,Regime Aware,0.75,1.0,0.25,0.000375
2015-11-09,Hybrid,0.75,1.0,0.25,0.000375
2015-11-10,Vol Targeting,0.9875212671165596,0.9144806297420407,0.07304063737451894,0.0001095609560617784
2015-11-10,Regime Aware,1.0,0.75,0.25,0.000375
2015-11-10,Hybrid,1.0,0.75,0.25,0.000375
2015-11-11,Vol Targeting,0.9144806297420407,0.8943524823148856,0.020128147427155074,3.0192221140732613e-05
2015-11-11,Regime Aware,0.75,1.0,0.25,0.000375
2015-11-11,Hybrid,0.75,1.0,0.25,0.000375
2015-11-12,Vol Targeting,0.8943524823148856,0.9054774029632663,0.011124920648380665,1.6687380972570996e-05
2015-11-12,Regime Aware,1.0,0.75,0.25,0.000375
2015-11-12,Hybrid,1.0,0.75,0.25,0.000375
2015-11-13,Vol Targeting,0.9054774029632663,0.8963570981025403,0.009120304860726014,1.3680457291089021e-05
2015-11-13,Regime Aware,0.75,0.25,0.5,0.00075
2015-11-13,Hybrid,0.75,0.25,0.5,0.00075
2015-11-14,Vol Targeting,0.8963570981025403,0.832934903838792,0.06342219426374829,9.513329139562243e-05
2015-11-14,Regime Aware,0.25,1.0,0.75,0.0011250000000000001
2015-11-14,Hybrid,0.25,1.0,0.75,0.0011250000000000001
2015-11-15,Vol Targeting,0.832934903838792,0.8293419298440616,0.003592973994730353,5.38946099209553e-06
2015-11-15,Regime Aware,1.0,0.75,0.25,0.000375
2015-11-15,Hybrid,1.0,0.75,0.25,0.000375
2015-11-16,Vol Targeting,0.8293419298440616,0.834398475862893,0.0050565460188313205,7.584819028246981e-06
2015-11-17,Vol Targeting,0.834398475862893,0.8563806978914185,0.02198222202852551,3.2973333042788264e-05
2015-11-18,Vol Targeting,0.8563806978914185,0.8578244640252373,0.0014437661338188024,2.1656492007282038e-06
2015-11-19,Vol Targeting,0.8578244640252373,0.9617252086001543,0.10390074457491705,0.00015585111686237558
2015-11-19,Regime Aware,0.75,0.25,0.5,0.00075
2015-11-19,Hybrid,0.75,0.25,0.5,0.00075
2015-11-20,Vol Targeting,0.9617252086001543,0.9639824177318121,0.0022572091316578335,3.3858136974867503e-06
2015-11-20,Regime Aware,0.25,1.0,0.75,0.0011250000000000001
2015-11-20,Hybrid,0.25,1.0,0.75,0.0011250000000000001
2015-11-21,Vol Targeting,0.9639824177318121,0.9647419022522923,0.0007594845204801359,1.139226780720204e-06
2015-11-21,Regime Aware,1.0,0.25,0.75,0.0011250000000000001
2015-11-21,Hybrid,1.0,0.25,0.75,0.0011250000000000001
2015-11-22,Vol Targeting,0.9647419022522923,0.9905896044687571,0.02584770221646482,3.877155332469723e-05
2015-11-22,Regime Aware,0.25,1.0,0.75,0.0011250000000000001
2015-11-22,Hybrid,0.25,1.0,0.75,0.0011250000000000001
2015-11-23,Vol Targeting,0.9905896044687571,1.0,0.009410395531242899,1.4115593296864348e-05
2015-11-23,Regime Aware,1.0,0.75,0.25,0.000375
2015-11-23,Hybrid,1.0,0.75,0.25,0.000375
2015-12-14,Regime Aware,0.75,0.25,0.5,0.00075
2015-12-14,Hybrid,0.75,0.25,0.5,0.00075
2015-12-15,Regime Aware,0.25,1.0,0.75,0.0011250000000000001
2015-12-15,Hybrid,0.25,1.0,0.75,0.0011250000000000001
2015-12-16,Regime Aware,1.0,0.75,0.25,0.000375
2015-12-16,Hybrid,1.0,0.75,0.25,0.000375
2015-12-24,Vol Targeting,1.0,0.9690932714876852,0.030906728512314796,4.6360092768472195e-05
2015-12-25,Vol Targeting,0.9690932714876852,1.0,0.030906728512314796,4.6360092768472195e-05
2015-12-29,Vol Targeting,1.0,0.9876495375340145,0.012350462465985479,1.8525693698978217e-05
2015-12-30,Vol Targeting,0.9876495375340145,1.0,0.012350462465985479,1.8525693698978217e-05
2016-01-01,Vol Targeting,1.0,0.9706981865917687,0.029301813408231348,4.395272011234702e-05
2016-01-02,Vol Targeting,0.9706981865917687,0.8934558287797502,0.07724235781201849,0.00011586353671802774
2016-01-03,Vol Targeting,0.8934558287797502,0.9094993785702357,0.0160435497904855,2.4065324685728252e-05
2016-01-04,Vol Targeting,0.9094993785702357,0.9151631829592478,0.00566380438901215,8.495706583518226e-06
2016-01-05,Vol Targeting,0.9151631829592478,0.9037263448067958,0.011436838152452,1.7155257228678002e-05
2016-01-06,Vol Targeting,0.9037263448067958,0.9087991392091629,0.005072794402367076,7.609191603550614e-06
2016-01-07,Vol Targeting,0.9087991392091629,0.8804744999679103,0.028324639241252614,4.248695886187892e-05
2016-01-08,Vol Targeting,0.8804744999679103,0.8892788134643066,0.008804313496396321,1.3206470244594481e-05
2016-01-09,Vol Targeting,0.8892788134643066,0.9506789735617459,0.061400160097439316,9.210024014615897e-05
2016-01-10,Vol Targeting,0.9506789735617459,0.976431269297315,0.025752295735569142,3.8628443603353713e-05
2016-01-11,Vol Targeting,0.976431269297315,0.9565639096068204,0.01986735969049469,2.9801039535742035e-05
2016-01-11,Regime Aware,0.75,0.25,0.5,0.00075
2016-01-11,Hybrid,0.75,0.25,0.5,0.00075
2016-01-12,Vol Targeting,0.9565639096068204,0.936501106726319,0.02006280288050133,3.0094204320751995e-05
2016-01-12,Regime Aware,0.25,1.0,0.75,0.0011250000000000001
2016-01-12,Hybrid,0.25,1.0,0.75,0.0011250000000000001
2016-01-13,Vol Targeting,0.936501106726319,0.9403002520185064,0.003799145292187389,5.6987179382810835e-06
2016-01-13,Regime Aware,1.0,0.75,0.25,0.000375
2016-01-13,Hybrid,1.0,0.75,0.25,0.000375
2016-01-14,Vol Targeting,0.9403002520185064,0.978828456054842,0.03852820403633561,5.779230605450342e-05
2016-01-15,Vol Targeting,0.978828456054842,0.9112805972329262,0.06754785882191583,0.00010132178823287375
2016-01-16,Vol Targeting,0.9112805972329262,0.9007422379989969,0.010538359233929318,1.5807538850893975e-05
2016-01-16,Regime Aware,0.75,0.0,0.75,0.0011250000000000001
2016-01-16,Hybrid,0.75,0.0,0.75,0.0011250000000000001
2016-01-17,Vol Targeting,0.9007422379989969,0.8825859787843884,0.018156259214608506,2.7234388821912757e-05
2016-01-17,Regime Aware,0.0,0.75,0.75,0.0011250000000000001
2016-01-17,Hybrid,0.0,0.75,0.75,0.0011250000000000001
2016-01-18,Vol Targeting,0.8825859787843884,0.8378082777893081,0.04477770099508027,6.716655149262041e-05
2016-01-18,Regime Aware,0.75,1.0,0.25,0.000375
2016-01-18,Hybrid,0.75,1.0,0.25,0.000375
2016-01-19,Vol Targeting,0.8378082777893081,0.8229577892936379,0.014850488495670167,2.227573274350525e-05
2016-01-19,Regime Aware,1.0,0.75,0.25,0.000375
2016-01-19,Hybrid,1.0,0.75,0.25,0.000375
2016-01-20,Vol Targeting,0.8229577892936379,0.8302997755241079,0.007341986230469999,1.1012979345704998e-05
2016-01-20,Regime Aware,0.75,0.0,0.75,0.0011250000000000001
2016-01-20,Hybrid,0.75,0.0,0.75,0.0011250000000000001
2016-01-21,Vol Targeting,0.8302997755241079,0.8801981643831296,0.04989838885902165,7.484758328853247e-05
2016-01-21,Regime Aware,0.0,1.0,1.0,0.0015
2016-01-21,Hybrid,0.0,1.0,1.0,0.0015
2016-01-22,Vol Targeting,0.8801981643831296,0.9147764115049241,0.03457824712179447,5.1867370682691705e-05
2016-01-22,Regime Aware,1.0,0.75,0.25,0.000375
2016-01-22,Hybrid,1.0,0.75,0.25,0.000375
2016-01-23,Vol Targeting,0.9147764115049241,0.9616411701501895,0.0468647586452654,7.02971379678981e-05
2016-01-23,Regime Aware,0.75,1.0,0.25,0.000375
2016-01-23,Hybrid,0.75,1.0,0.25,0.000375
2016-01-24,Vol Targeting,0.9616411701501895,0.9858234661762041,0.024182296026014627,3.627344403902194e-05
2016-01-24,Regime Aware,1.0,0.75,0.25,0.000375
2016-01-24,Hybrid,1.0,0.75,0.25,0.000375
2016-01-25,Vol Targeting,0.9858234661762041,1.0,0.014176533823795912,2.1264800735693868e-05
2016-01-25,Regime Aware,0.75,1.0,0.25,0.000375
2016-01-25,Hybrid,0.75,1.0,0.25,0.000375
2016-01-26,Regime Aware,1.0,0.75,0.25,0.000375
2016-01-26,Hybrid,1.0,0.75,0.25,0.000375
2016-01-27,Regime Aware,0.75,0.0,0.75,0.0011250000000000001
2016-01-27,Hybrid,0.75,0.0,0.75,0.0011250000000000001
2016-01-28,Regime Aware,0.0,1.0,1.0,0.0015
2016-01-28,Hybrid,0.0,1.0,1.0,0.0015
2016-01-29,Regime Aware,1.0,0.75,0.25,0.000375
2016-01-29,Hybrid,1.0,0.75,0.25,0.000375
2016-01-30,Regime Aware,0.75,1.0,0.25,0.000375
2016-01-30,Hybrid,0.75,1.0,0.25,0.000375
2016-01-31,Regime Aware,1.0,0.75,0.25,0.000375
2016-01-31,Hybrid,1.0,0.75,0.25,0.000375
2016-02-01,Regime Aware,0.75,1.0,0.25,0.000375
2016-02-01,Hybrid,0.75,1.0,0.25,0.000375
2016-02-02,Regime Aware,1.0,0.75,0.25,0.000375
2016-02-02,Hybrid,1.0,0.75,0.25,0.000375
2016-02-03,Regime Aware,0.75,1.0,0.25,0.000375
2016-02-03,Hybrid,0.75,1.0,0.25,0.000375
2016-02-04,Regime Aware,1.0,0.75,0.25,0.000375
2016-02-04,Hybrid,1.0,0.75,0.25,0.000375
2016-02-05,Regime Aware,0.75,1.0,0.25,0.000375
2016-02-05,Hybrid,0.75,1.0,0.25,0.000375
2016-02-06,Regime Aware,1.0,0.75,0.25,0.000375
2016-02-06,Hybrid,1.0,0.75,0.25,0.000375
2016-02-07,Regime Aware,0.75,0.0,0.75,0.0011250000000000001
2016-02-07,Hybrid,0.75,0.0,0.75,0.0011250000000000001
2016-02-08,Regime Aware,0.0,1.0,1.0,0.0015
2016-02-08,Hybrid,0.0,1.0,1.0,0.0015
2016-02-09,Regime Aware,1.0,0.75,0.25,0.000375
2016-02-09,Hybrid,1.0,0.75,0.25,0.000375
2016-02-10,Regime Aware,0.75,0.0,0.75,0.0011250000000000001
2016-02-10,Hybrid,0.75,0.0,0.75,0.0011250000000000001
2016-02-11,Regime Aware,0.0,1.0,1.0,0.0015
2016-02-11,Hybrid,0.0,1.0,1.0,0.0015
2016-02-12,Regime Aware,1.0,0.75,0.25,0.000375
2016-02-12,Hybrid,1.0,0.75,0.25,0.000375
2016-02-13,Regime Aware,0.75,0.0,0.75,0.0011250000000000001
2016-02-13,Hybrid,0.75,0.0,0.75,0.0011250000000000001
2016-02-14,Regime Aware,0.0,1.0,1.0,0.0015
2016-02-14,Hybrid,0.0,1.0,1.0,0.0015
2016-02-15,Regime Aware,1.0,0.75,0.25,0.000375
2016-02-15,Hybrid,1.0,0.75,0.25,0.000375
2016-02-16,Regime Aware,0.75,1.0,0.25,0.000375
2016-02-16,Hybrid,0.75,1.0,0.25,0.000375
2016-02-17,Vol Targeting,1.0,0.9849030401407347,0.015096959859265291,2.2645439788897937e-05
2016-02-17,Regime Aware,1.0,0.75,0.25,0.000375
2016-02-17,Hybrid,1.0,0.75,0.25,0.000375
2016-02-18,Vol Targeting,0.9849030401407347,0.9795049240824373,0.005398116058297431,8.097174087446147e-06
2016-02-18,Regime Aware,0.75,0.0,0.75,0.0011250000000000001
2016-02-18,Hybrid,0.75,0.0,0.75,0.0011250000000000001
2016-02-19,Vol Targeting,0.9795049240824373,0.9878118683170368,0.008306944234599545,1.2460416351899317e-05
2016-02-19,Regime Aware,0.0,1.0,1.0,0.0015
2016-02-19,Hybrid,0.0,1.0,1.0,0.0015
2016-02-20,Vol Targeting,0.9878118683170368,0.8980201841361278,0.08979168418090899,0.0001346875262713635
2016-02-20,Regime Aware,1.0,0.75,0.25,0.000375
2016-02-20,Hybrid,1.0,0.75,0.25,0.000375
2016-02-21,Vol Targeting,0.8980201841361278,0.8899318232911868,0.008088360844941023,1.2132541267411534e-05
2016-02-21,Regime Aware,0.75,0.0,0.75,0.0011250000000000001
2016-02-21,Hybrid,0.75,0.0,0.75,0.0011250000000000001
2016-02-22,Vol Targeting,0.8899318232911868,0.8788058209728979,0.011126002318288863,1.6689003477433296e-05
2016-02-22,Regime Aware,0.0,1.0,1.0,0.0015
2016-02-22,Hybrid,0.0,1.0,1.0,0.0015
2016-02-23,Vol Targeting,0.8788058209728979,0.8716026329294589,0.007203188043439002,1.0804782065158504e-05
2016-02-23,Regime Aware,1.0,0.75,0.25,0.000375
2016-02-23,Hybrid,1.0,0.75,0.25,0.000375
2016-02-24,Vol Targeting,0.8716026329294589,0.9195624855841126,0.047959852654653634,7.193977898198046e-05
2016-02-24,Regime Aware,0.75,1.0,0.25,0.000375
2016-02-24,Hybrid,0.75,1.0,0.25,0.000375
2016-02-25,Vol Targeting,0.9195624855841126,0.9228007913767979,0.0032383057926853587,4.8574586890280385e-06
2016-02-25,Regime Aware,1.0,0.75,0.25,0.000375
2016-02-25,Hybrid,1.0,0.75,0.25,0.000375
2016-02-26,Vol Targeting,0.9228007913767979,0.8538956016647381,0.06890518971205983,0.00010335778456808976
2016-02-26,Regime Aware,0.75,1.0,0.25,0.000375
2016-02-26,Hybrid,0.75,1.0,0.25,0.000375
2016-02-27,Vol Targeting,0.8538956016647381,0.8523838160317653,0.0015117856329728285,2.267678449459243e-06
2016-02-27,Regime Aware,1.0,0.75,0.25,0.000375
2016-02-27,Hybrid,1.0,0.75,0.25,0.000375
2016-02-28,Vol Targeting,0.8523838160317653,0.8384795776466903,0.01390423838507493,2.0856357577612395e-05
2016-02-28,Regime Aware,0.75,0.0,0.75,0.0011250000000000001
2016-02-28,Hybrid,0.75,0.0,0.75,0.0011250000000000001
2016-02-29,Vol Targeting,0.8384795776466903,0.8674495756754382,0.02896999802874789,4.345499704312183e-05
2016-02-29,Regime Aware,0.0,1.0,1.0,0.0015
2016-02-29,Hybrid,0.0,1.0,1.0,0.0015
2016-03-01,Vol Targeting,0.8674495756754382,0.7919567729423329,0.07549280273310532,0.00011323920409965798
2016-03-01,Regime Aware,1.0,0.75,0.25,0.000375
2016-03-01,Hybrid,1.0,0.75,0.25,0.000375
2016-03-02,Vol Targeting,0.7919567729423329,0.7838172936711383,0.008139479271194627,1.220921890679194e-05
2016-03-02,Regime Aware,0.75,1.0,0.25,0.000375
2016-03-02,Hybrid,0.75,1.0,0.25,0.000375
2016-03-03,Vol Targeting,0.7838172936711383,0.7262914727080899,0.05752582096304837,8.628873144457255e-05
2016-03-03,Regime Aware,1.0,0.75,0.25,0.000375
2016-03-03,Hybrid,1.0,0.75,0.25,0.000375
2016-03-04,Vol Targeting,0.7262914727080899,0.7449163832967279,0.018624910588638022,2.7937365882957033e-05
2016-03-04,Regime Aware,0.75,1.0,0.25,0.000375
2016-03-04,Hybrid,0.75,1.0,0.25,0.000375
2016-03-05,Vol Targeting,0.7449163832967279,0.7357350131198712,0.009181370176856718,1.3772055265285078e-05
2016-03-05,Regime Aware,1.0,0.75,0.25,0.000375
2016-03-05,Hybrid,1.0,0.75,0.25,0.000375
2016-03-06,Vol Targeting,0.7357350131198712,0.7061015898962769,0.029633423223594302,4.445013483539145e-05
2016-03-06,Regime Aware,0.75,0.0,0.75,0.0011250000000000001
2016-03-06,Hybrid,0.75,0.0,0.75,0.0011250000000000001
2016-03-07,Vol Targeting,0.7061015898962769,0.6924517263404402,0.01364986355583675,2.0474795333755124e-05
2016-03-07,Regime Aware,0.0,1.0,1.0,0.0015
2016-03-07,Hybrid,0.0,1.0,1.0,0.0015
2016-03-08,Vol Targeting,0.6924517263404402,0.7218036396930949,0.029351913352654746,4.402787002898212e-05
2016-03-08,Regime Aware,1.0,0.75,0.25,0.000375
2016-03-08,Hybrid,1.0,0.75,0.25,0.000375
2016-03-09,Vol Targeting,0.7218036396930949,0.7909473834408786,0.06914374374778365,0.00010371561562167547
2016-03-09,Regime Aware,0.75,0.0,0.75,0.0011250000000000001
2016-03-09,Hybrid,0.75,0.0,0.75,0.0011250000000000001
2016-03-10,Vol Targeting,0.7909473834408786,0.8020524756627415,0.011105092221862956,1.6657638332794432e-05
2016-03-10,Regime Aware,0.0,1.0,1.0,0.0015
2016-03-10,Hybrid,0.0,1.0,1.0,0.0015
2016-03-11,Vol Targeting,0.8020524756627415,0.7094477822699771,0.09260469339276445,0.00013890704008914667
2016-03-11,Regime Aware,1.0,0.75,0.25,0.000375
2016-03-11,Hybrid,1.0,0.75,0.25,0.000375
2016-03-12,Vol Targeting,0.7094477822699771,0.7184498825761539,0.009002100306176875,1.3503150459265312e-05
2016-03-12,Regime Aware,0.75,0.0,0.75,0.0011250000000000001
2016-03-12,Hybrid,0.75,0.0,0.75,0.0011250000000000001
2016-03-13,Vol Targeting,0.7184498825761539,0.7184582052595728,8.322683418882093e-06,1.248402512832314e-08
2016-03-13,Regime Aware,0.0,1.0,1.0,0.0015
2016-03-13,Hybrid,0.0,1.0,1.0,0.0015
2016-03-14,Vol Targeting,0.7184582052595728,0.7201573290381842,0.0016991237786113667,2.54868566791705e-06
2016-03-14,Regime Aware,1.0,0.75,0.25,0.000375
2016-03-14,Hybrid,1.0,0.75,0.25,0.000375
2016-03-15,Vol Targeting,0.7201573290381842,0.7111534982648262,0.00900383077335798,1.350574616003697e-05
2016-03-15,Regime Aware,0.75,0.0,0.75,0.0011250000000000001
2016-03-15,Hybrid,0.75,0.0,0.75,0.0011250000000000001
2016-03-16,Vol Targeting,0.7111534982648262,0.7114617282548817,0.00030822999005553076,4.6234498508329614e-07
2016-03-16,Regime Aware,0.0,1.0,1.0,0.0015
2016-03-16,Hybrid,0.0,1.0,1.0,0.0015
2016-03-17,Vol Targeting,0.7114617282548817,0.7135050899706495,0.0020433617157677997,3.0650425736516996e-06
2016-03-17,Regime Aware,1.0,0.75,0.25,0.000375
2016-03-17,Hybrid,1.0,0.75,0.25,0.000375
2016-03-18,Vol Targeting,0.7135050899706495,0.7591768020993922,0.04567171212874266,6.850756819311399e-05
2016-03-18,Regime Aware,0.75,1.0,0.25,0.000375
2016-03-18,Hybrid,0.75,1.0,0.25,0.000375
2016-03-19,Vol Targeting,0.7591768020993922,0.7636558494463106,0.004479047346918397,6.718571020377595e-06
2016-03-19,Regime Aware,1.0,0.75,0.25,0.000375
2016-03-19,Hybrid,1.0,0.75,0.25,0.000375
2016-03-20,Vol Targeting,0.7636558494463106,0.7794914383132987,0.015835588866988104,2.3753383300482155e-05
2016-03-20,Regime Aware,0.75,1.0,0.25,0.000375
2016-03-20,Hybrid,0.75,1.0,0.25,0.000375
2016-03-21,Vol Targeting,0.7794914383132987,0.7767890557437853,0.002702382569513384,4.053573854270076e-06
2016-03-21,Regime Aware,1.0,0.75,0.25,0.000375
2016-03-21,Hybrid,1.0,0.75,0.25,0.000375
2016-03-22,Vol Targeting,0.7767890557437853,0.8290072243867737,0.05221816864298834,7.832725296448252e-05
2016-03-22,Regime Aware,0.75,1.0,0.25,0.000375
2016-03-22,Hybrid,0.75,1.0,0.25,0.000375
2016-03-23,Vol Targeting,0.8290072243867737,0.8441928022754347,0.01518557788866104,2.277836683299156e-05
2016-03-23,Regime Aware,1.0,0.75,0.25,0.000375
2016-03-23,Hybrid,1.0,0.75,0.25,0.000375
2016-03-24,Vol Targeting,0.8441928022754347,1.0,0.1558071977245653,0.00023371079658684795
2016-03-24,Regime Aware,0.75,1.0,0.25,0.000375
2016-03-24,Hybrid,0.75,1.0,0.25,0.000375
2016-03-25,Vol Targeting,1.0,0.9906203814805347,0.009379618519465338,1.4069427779198007e-05
2016-03-25,Regime Aware,1.0,0.75,0.25,0.000375
2016-03-25,Hybrid,1.0,0.75,0.25,0.000375
2016-03-26,Vol Targeting,0.9906203814805347,1.0,0.009379618519465338,1.4069427779198007e-05
2016-03-26,Regime Aware,0.75,1.0,0.25,0.000375
2016-03-26,Hybrid,0.75,1.0,0.25,0.000375
2016-03-27,Vol Targeting,1.0,0.9926387873903959,0.007361212609604095,1.1041818914406144e-05
2016-03-27,Regime Aware,1.0,0.75,0.25,0.000375
2016-03-27,Hybrid,1.0,0.75,0.25,0.000375
2016-03-28,Vol Targeting,0.9926387873903959,1.0,0.007361212609604095,1.1041818914406144e-05
2016-03-28,Regime Aware,0.75,1.0,0.25,0.000375
2016-03-28,Hybrid,0.75,1.0,0.25,0.000375
2016-03-29,Vol Targeting,1.0,0.9807070003906034,0.019292999609396566,2.893949941409485e-05
2016-03-29,Regime Aware,1.0,0.75,0.25,0.000375
2016-03-29,Hybrid,1.0,0.75,0.25,0.000375
2016-03-30,Vol Targeting,0.9807070003906034,0.9740298809655799,0.006677119425023581,1.0015679137535371e-05
2016-03-30,Regime Aware,0.75,1.0,0.25,0.000375
2016-03-30,Hybrid,0.75,1.0,0.25,0.000375
2016-03-31,Vol Targeting,0.9740298809655799,0.9627536915475886,0.011276189417991245,1.691428412698687e-05
2016-03-31,Regime Aware,1.0,0.75,0.25,0.000375
2016-03-31,Hybrid,1.0,0.75,0.25,0.000375
2016-04-01,Vol Targeting,0.9627536915475886,1.0,0.03724630845241139,5.586946267861709e-05
2016-04-01,Regime Aware,0.75,1.0,0.25,0.000375
2016-04-01,Hybrid,0.75,1.0,0.25,0.000375
2016-04-02,Regime Aware,1.0,0.75,0.25,0.000375
2016-04-02,Hybrid,1.0,0.75,0.25,0.000375
2016-04-03,Vol Targeting,1.0,0.8283887709260639,0.1716112290739361,0.00025741684361090417
2016-04-03,Regime Aware,0.75,1.0,0.25,0.000375
2016-04-03,Hybrid,0.75,1.0,0.25,0.000375
2016-04-04,Vol Targeting,0.8283887709260639,0.8171802729633938,0.011208497962670094,1.6812746944005143e-05
2016-04-04,Regime Aware,1.0,0.75,0.25,0.000375
2016-04-04,Hybrid,1.0,0.75,0.25,0.000375
2016-04-05,Vol Targeting,0.8171802729633938,0.8309632235683586,0.013782950604964816,2.0674425907447225e-05
2016-04-05,Regime Aware,0.75,1.0,0.25,0.000375
2016-04-05,Hybrid,0.75,1.0,0.25,0.000375
2016-04-06,Vol Targeting,0.8309632235683586,0.8304781740158268,0.00048504955253181326,7.275743287977199e-07
2016-04-06,Regime Aware,1.0,0.75,0.25,0.000375
2016-04-06,Hybrid,1.0,0.75,0.25,0.000375
2016-04-07,Vol Targeting,0.8304781740158268,0.8306085248930782,0.00013035087725143946,1.955263158771592e-07
2016-04-07,Regime Aware,0.75,1.0,0.25,0.000375
2016-04-07,Hybrid,0.75,1.0,0.25,0.000375
2016-04-08,Vol Targeting,0.8306085248930782,0.8327450323979682,0.0021365075048899174,3.204761257334876e-06
2016-04-08,Regime Aware,1.0,0.75,0.25,0.000375
2016-04-08,Hybrid,1.0,0.75,0.25,0.000375
2016-04-09,Vol Targeting,0.8327450323979682,0.829251183167703,0.003493849230265189,5.240773845397784e-06
2016-04-09,Regime Aware,0.75,1.0,0.25,0.000375
2016-04-09,Hybrid,0.75,1.0,0.25,0.000375
2016-04-10,Vol Targeting,0.829251183167703,0.8319111393959396,0.0026599562282366707,3.989934342355006e-06
2016-04-10,Regime Aware,1.0,0.75,0.25,0.000375
2016-04-10,Hybrid,1.0,0.75,0.25,0.000375
2016-04-11,Vol Targeting,0.8319111393959396,0.8344683726193648,0.0025572332234251594,3.835849835137739e-06
2016-04-11,Regime Aware,0.75,1.0,0.25,0.000375
2016-04-11,Hybrid,0.75,1.0,0.25,0.000375
2016-04-12,Vol Targeting,0.8344683726193648,0.8371839875810965,0.0027156149617316716,4.073422442597508e-06
2016-04-12,Regime Aware,1.0,0.75,0.25,0.000375
2016-04-12,Hybrid,1.0,0.75,0.25,0.000375
2016-04-13,Vol Targeting,0.8371839875810965,0.8358466248130083,0.0013373627680881572,2.006044152132236e-06
2016-04-13,Regime Aware,0.75,1.0,0.25,0.000375
2016-04-13,Hybrid,0.75,1.0,0.25,0.000375
2016-04-14,Vol Targeting,0.8358466248130083,0.8343033711154197,0.0015432536975885647,2.314880546382847e-06
2016-04-14,Regime Aware,1.0,0.75,0.25,0.000375
2016-04-14,Hybrid,1.0,0.75,0.25,0.000375
2016-04-15,Vol Targeting,0.8343033711154197,0.8340624461341107,0.00024092498130900974,3.613874719635146e-07
2016-04-15,Regime Aware,0.75,1.0,0.25,0.000375
2016-04-15,Hybrid,0.75,1.0,0.25,0.000375
2016-04-16,Vol Targeting,0.8340624461341107,0.8322723300921339,0.0017901160419768747,2.685174062965312e-06
2016-04-16,Regime Aware,1.0,0.75,0.25,0.000375
2016-04-16,Hybrid,1.0,0.75,0.25,0.000375
2016-04-17,Vol Targeting,0.8322723300921339,0.7507112159889778,0.08156111410315603,0.00012234167115473404
2016-04-17,Regime Aware,0.75,1.0,0.25,0.000375
2016-04-17,Hybrid,0.75,1.0,0.25,0.000375
2016-04-18,Vol Targeting,0.7507112159889778,0.7628925662408269,0.012181350251849077,1.8272025377773617e-05
2016-04-18,Regime Aware,1.0,0.75,0.25,0.000375
2016-04-18,Hybrid,1.0,0.75,0.25,0.000375
2016-04-19,Vol Targeting,0.7628925662408269,0.7768951847465435,0.014002618505716602,2.1003927758574902e-05
2016-04-19,Regime Aware,0.75,1.0,0.25,0.000375
2016-04-19,Hybrid,0.75,1.0,0.25,0.000375
2016-04-20,Vol Targeting,0.7768951847465435,0.7857155053727921,0.008820320626248601,1.3230480939372901e-05
2016-04-20,Regime Aware,1.0,0.75,0.25,0.000375
2016-04-20,Hybrid,1.0,0.75,0.25,0.000375
2016-04-21,Vol Targeting,0.7857155053727921,0.7896609789548975,0.0039454735821053966,5.918210373158095e-06
2016-04-21,Regime Aware,0.75,1.0,0.25,0.000375
2016-04-21,Hybrid,0.75,1.0,0.25,0.000375
2016-04-22,Vol Targeting,0.7896609789548975,0.7969847781175035,0.007323799162605948,1.0985698743908922e-05
2016-04-22,Regime Aware,1.0,0.75,0.25,0.000375
2016-04-22,Hybrid,1.0,0.75,0.25,0.000375
2016-04-23,Vol Targeting,0.7969847781175035,0.8853148845813403,0.08833010646383688,0.00013249515969575532
2016-04-23,Regime Aware,0.75,1.0,0.25,0.000375
2016-04-23,Hybrid,0.75,1.0,0.25,0.000375
2016-04-24,Vol Targeting,0.8853148845813403,1.0,0.11468511541865967,0.00017202767312798952
2016-04-24,Regime Aware,1.0,0.75,0.25,0.000375
2016-04-24,Hybrid,1.0,0.75,0.25,0.000375
2016-04-25,Regime Aware,0.75,1.0,0.25,0.000375
2016-04-25,Hybrid,0.75,1.0,0.25,0.000375
2016-04-26,Regime Aware,1.0,0.75,0.25,0.000375
2016-04-26,Hybrid,1.0,0.75,0.25,0.000375
2016-04-27,Vol Targeting,1.0,0.9999194220910811,8.05779089189107e-05,1.2086686337836604e-07
2016-04-27,Regime Aware,0.75,1.0,0.25,0.000375
2016-04-27,Hybrid,0.75,1.0,0.25,0.000375
2016-04-28,Vol Targeting,0.9999194220910811,0.9920729965065362,0.007846425584544847,1.1769638376817271e-05
2016-04-28,Regime Aware,1.0,0.75,0.25,0.000375
2016-04-28,Hybrid,1.0,0.75,0.25,0.000375
2016-04-29,Vol Targeting,0.9920729965065362,0.978895870436261,0.013177126070275214,1.976568910541282e-05
2016-04-29,Regime Aware,0.75,1.0,0.25,0.000375
2016-04-29,Hybrid,0.75,1.0,0.25,0.000375
2016-04-30,Vol Targeting,0.978895870436261,0.9660142267761915,0.012881643660069497,1.9322465490104245e-05
2016-04-30,Regime Aware,1.0,0.75,0.25,0.000375
2016-04-30,Hybrid,1.0,0.75,0.25,0.000375
2016-05-01,Vol Targeting,0.9660142267761915,0.9671781887190153,0.0011639619428237546,1.745942914235632e-06
2016-05-01,Regime Aware,0.75,1.0,0.25,0.000375
2016-05-01,Hybrid,0.75,1.0,0.25,0.000375
2016-05-02,Vol Targeting,0.9671781887190153,0.9545453601739925,0.01263282854502279,1.8949242817534184e-05
2016-05-02,Regime Aware,1.0,0.75,0.25,0.000375
2016-05-02,Hybrid,1.0,0.75,0.25,0.000375
2016-05-03,Vol Targeting,0.9545453601739925,0.9503978035585724,0.0041475566154201005,6.221334923130151e-06
2016-05-03,Regime Aware,0.75,1.0,0.25,0.000375
2016-05-03,Hybrid,0.75,1.0,0.25,0.000375
2016-05-04,Vol Targeting,0.9503978035585724,0.9401729736859975,0.010224829872574892,1.533724480886234e-05
2016-05-04,Regime Aware,1.0,0.75,0.25,0.000375
2016-05-04,Hybrid,1.0,0.75,0.25,0.000375
2016-05-05,Vol Targeting,0.9401729736859975,0.9381188469792152,0.002054126706782289,3.081190060173433e-06
2016-05-05,Regime Aware,0.75,1.0,0.25,0.000375
2016-05-05,Hybrid,0.75,1.0,0.25,0.000375
2016-05-06,Vol Targeting,0.9381188469792152,0.9525030569842785,0.014384210005063292,2.1576315007594938e-05
2016-05-06,Regime Aware,1.0,0.75,0.25,0.000375
2016-05-06,Hybrid,1.0,0.75,0.25,0.000375
2016-05-07,Vol Targeting,0.9525030569842785,0.9476922889956797,0.0048107679885988075,7.216151982898212e-06
2016-05-07,Regime Aware,0.75,1.0,0.25,0.000375
2016-05-07,Hybrid,0.75,1.0,0.25,0.000375
2016-05-08,Vol Targeting,0.9476922889956797,1.0,0.0523077110043203,7.846156650648046e-05
2016-05-08,Regime Aware,1.0,0.75,0.25,0.000375
2016-05-08,Hybrid,1.0,0.75,0.25,0.000375
2016-05-09,Regime Aware,0.75,1.0,0.25,0.000375
2016-05-09,Hybrid,0.75,1.0,0.25,0.000375
2016-05-10,Regime Aware,1.0,0.75,0.25,0.000375
2016-05-10,Hybrid,1.0,0.75,0.25,0.000375
2016-05-11,Regime Aware,0.75,1.0,0.25,0.000375
2016-05-11,Hybrid,0.75,1.0,0.25,0.000375
2016-05-12,Regime Aware,1.0,0.75,0.25,0.000375
2016-05-12,Hybrid,1.0,0.75,0.25,0.000375
2016-05-13,Regime Aware,0.75,1.0,0.25,0.000375
2016-05-13,Hybrid,0.75,1.0,0.25,0.000375
2016-05-14,Regime Aware,1.0,0.75,0.25,0.000375
2016-05-14,Hybrid,1.0,0.75,0.25,0.000375
